{
  "name": "angular-wakanda",
  "version": "1.0.4",
  "keywords": [
    "angular",
    "angular.js",
    "angularjs",
    "wakanda",
    "wakandadb",
    "nosql",
    "ssjs"
  ],
  "description": "Provides a full proxy of WakandaDB NoSQL DataModels with its relationships & methods in Angular",
  "homepage": "http://wakanda.github.io/angular-wakanda/",
  "main": "./angular-wakanda.min.js",
  "license": "MIT",
  "ignore": [],
  "dependencies": {
    "angular": "^1.2.6"
  },
  "_release": "1.0.4",
  "_resolution": {
    "type": "version",
    "tag": "v1.0.4",
    "commit": "913085462302275e1a53af302c86781f4209193b"
  },
  "_source": "https://github.com/Wakanda/bower-angular-wakanda.git",
  "_target": "~1.0.4",
  "_originalSource": "angular-wakanda"
}